filename,dispersion_entropy,RDE,class
FNSZ325.mat,2.177414024797842,0.0046868761925683115,FNSZ
FNSZ443.mat,2.1734132492248994,0.005798614615147589,FNSZ
FNSZ457.mat,2.128589167651571,0.014401057187150478,FNSZ
GNSZ018.mat,0.7788047250983945,0.5494783935360765,GNSZ
FNSZ331.mat,1.9261503178820585,0.065479690645964,FNSZ
FNSZ319.mat,0.17545179403986896,0.7336650867515618,FNSZ
GNSZ030.mat,1.3957176179590614,0.2132453295148482,GNSZ
GNSZ024.mat,1.4873642847062107,0.15829322003132312,GNSZ
FNSZ480.mat,2.0575122559932106,0.01961019000567238,FNSZ
FNSZ494.mat,1.9898995565133923,0.05424226734614726,FNSZ
FNSZ127.mat,1.6079022459551597,0.1309061062744701,FNSZ
FNSZ133.mat,1.9858960623742452,0.03705647026690135,FNSZ
CPSZ104.mat,2.080580823082579,0.017451973106392175,CPSZ
CPSZ110.mat,2.086388280837162,0.01548666754545738,CPSZ
FNSZ053.mat,1.7663076691602204,0.09117541889960232,FNSZ
FNSZ047.mat,2.1662181817105575,0.0064264138303812115,FNSZ
FNSZ090.mat,2.1386428359383274,0.012599303523447325,FNSZ
FNSZ084.mat,1.061377224767004,0.38671158266386485,FNSZ
CPSZ058.mat,1.9149710442892425,0.054943146325985626,CPSZ
CPSZ070.mat,1.90008061276176,0.0630315830791899,CPSZ
CPSZ064.mat,1.904491417594752,0.06177163494289496,CPSZ
FNSZ251.mat,2.053202647912046,0.020609182808255147,FNSZ
FNSZ245.mat,2.074837872242022,0.01829373234157141,FNSZ
GNSZ144.mat,1.9109608083019793,0.053859947935860374,GNSZ
FNSZ279.mat,2.078781766552733,0.016810821517360852,FNSZ
GNSZ150.mat,2.134241300874171,0.012291345958815703,GNSZ
FNSZ292.mat,2.1748807562824015,0.004826010801801795,FNSZ
FNSZ286.mat,2.1786023703004003,0.0038446165348872247,FNSZ
FNSZ287.mat,2.1296696034263967,0.016703656879855457,FNSZ
FNSZ293.mat,2.1735797992852985,0.005070356641517695,FNSZ
GNSZ151.mat,1.486639879115956,0.15843816059521662,GNSZ
FNSZ278.mat,2.0541426585074327,0.00799426204518378,FNSZ
GNSZ145.mat,1.9496398675849484,0.04734638335761512,GNSZ
FNSZ244.mat,2.0815968525611077,0.017699047796250533,FNSZ
FNSZ250.mat,2.0593943320428165,0.0192583997952537,FNSZ
CPSZ065.mat,1.9914862682697487,0.04643016359326027,CPSZ
CPSZ071.mat,1.9206923531256412,0.05725066284292735,CPSZ
FNSZ085.mat,2.066172355204486,0.01944176814088051,FNSZ
CPSZ059.mat,1.8827980973491052,0.05953471490780078,CPSZ
FNSZ091.mat,2.041470778205728,0.04608749621651306,FNSZ
FNSZ046.mat,2.170808458776329,0.00580325453000669,FNSZ
FNSZ052.mat,1.859520604185832,0.06016433590484079,FNSZ
CPSZ111.mat,2.1044115871115223,0.013866719064131455,CPSZ
CPSZ105.mat,2.067156744980468,0.017890536360391122,CPSZ
FNSZ132.mat,1.8848290016909073,0.050179513732687274,FNSZ
FNSZ126.mat,1.4066337014599741,0.15917206251979757,FNSZ
FNSZ495.mat,2.14410441625376,0.010262655158716851,FNSZ
FNSZ481.mat,2.066274580402955,0.018441566735606735,FNSZ
MYSZ002.mat,0.16971728954871512,0.7939411905829823,MYSZ
GNSZ025.mat,1.451054702812863,0.16674801923928612,GNSZ
GNSZ031.mat,1.4742342717661985,0.15778211351432542,GNSZ
FNSZ318.mat,1.9026252559034642,0.06328077989306667,FNSZ
FNSZ456.mat,2.1388183510014285,0.012353468672714142,FNSZ
FNSZ330.mat,2.14414966153053,0.012666679544158451,FNSZ
GNSZ019.mat,1.8284001275410025,0.06725733241097925,GNSZ
FNSZ324.mat,1.8641258738421214,0.08645535987050296,FNSZ
FNSZ442.mat,2.0517276329510303,0.023268272805196676,FNSZ
FNSZ332.mat,1.578157438306444,0.15420584930018993,FNSZ
FNSZ454.mat,1.5513953859680374,0.1304393035225217,FNSZ
FNSZ440.mat,2.0595828615265663,0.01993534836033155,FNSZ
FNSZ326.mat,1.830438004399235,0.0885487541860063,FNSZ
GNSZ027.mat,1.0194575803052965,0.44431889044410033,GNSZ
FNSZ468.mat,2.110158552298753,0.01396220536390656,FNSZ
TNSZ009.mat,0.707233003712121,0.5701123352049151,TNSZ
GNSZ033.mat,2.140205522803058,0.010202902515198037,GNSZ
FNSZ497.mat,2.0482107223254298,0.022190952271453623,FNSZ
FNSZ483.mat,2.0591003931704503,0.019324041734337542,FNSZ
FNSZ130.mat,1.6837651438136154,0.10940907502578237,FNSZ
FNSZ124.mat,1.6039187315238372,0.12731374803043866,FNSZ
FNSZ118.mat,2.052375163105976,0.008435862086219015,FNSZ
CPSZ113.mat,2.0832418860105397,0.016219592547126186,CPSZ
CPSZ107.mat,2.070724681053437,0.01726915705766782,CPSZ
CPSZ098.mat,2.06599616186899,0.01877171636929468,CPSZ
FNSZ044.mat,2.169331794929938,0.006037128113274115,FNSZ
FNSZ050.mat,2.1721977572856828,0.005245139878564972,FNSZ
FNSZ078.mat,0.9427856214345505,0.33398074201750955,FNSZ
FNSZ087.mat,1.4895517892966068,0.15724646151916588,FNSZ
FNSZ093.mat,1.867322905556087,0.08600912640937375,FNSZ
CPSZ067.mat,1.9026703950686952,0.06086977340967502,CPSZ
CPSZ073.mat,1.9626043144766765,0.049292293430180205,CPSZ
FNSZ246.mat,2.0818639483209616,0.01705967953590256,FNSZ
FNSZ520.mat,2.1359092583807957,0.012074342883761344,FNSZ
FNSZ252.mat,2.053751632219589,0.02049806177988611,FNSZ
GNSZ153.mat,2.067379481172507,0.01738402644351016,GNSZ
FNSZ508.mat,2.0594128229988375,0.019051824587682325,FNSZ
GNSZ147.mat,2.0508063071056144,0.025383232310360996,GNSZ
FNSZ285.mat,0.5799086252243141,0.6356868807034955,FNSZ
FNSZ291.mat,2.187456429160267,0.0020326292529749814,FNSZ
FNSZ290.mat,2.168706331417742,0.005841161306784685,FNSZ
FNSZ284.mat,2.054244447562997,0.02081726605092874,FNSZ
FNSZ509.mat,2.0572580369314073,0.019575863410257313,FNSZ
GNSZ146.mat,1.9309930731241267,0.05377925228544116,GNSZ
GNSZ152.mat,2.0642694913754167,0.017885209135916486,GNSZ
FNSZ253.mat,2.1197326440438964,0.013011833842125661,FNSZ
FNSZ247.mat,2.0628991593298247,0.019342163181013183,FNSZ
FNSZ521.mat,2.0748565442558964,0.025813546514285076,FNSZ
CPSZ072.mat,1.899319881342323,0.06231091109583658,CPSZ
CPSZ066.mat,1.9458247315304698,0.05502822455390011,CPSZ
FNSZ092.mat,2.1820415658234573,0.0033156297367622754,FNSZ
FNSZ086.mat,2.118827767313251,0.012944925285772922,FNSZ
FNSZ079.mat,1.6496926229696527,0.11505728235450222,FNSZ
FNSZ051.mat,2.1367090134753903,0.01176743803485309,FNSZ
CPSZ099.mat,1.8802506168589395,0.08393035828815178,CPSZ
FNSZ045.mat,2.1676001715623032,0.0058761788646290915,FNSZ
CPSZ106.mat,2.075536706373421,0.01684724488013829,CPSZ
CPSZ112.mat,2.0937579085022717,0.016054388237272895,CPSZ
FNSZ119.mat,1.4728189992161225,0.16031887948481033,FNSZ
FNSZ125.mat,1.5887887617506924,0.13032986106498096,FNSZ
FNSZ131.mat,1.8111525093471463,0.0726408374315266,FNSZ
FNSZ482.mat,2.0602138384496023,0.01914642285438525,FNSZ
FNSZ496.mat,2.1008996465598564,0.01415580000044331,FNSZ
TNSZ008.mat,1.992698944666568,0.02951595986652821,TNSZ
GNSZ032.mat,1.8091955887468654,0.0719619001978649,GNSZ
GNSZ026.mat,2.1395286418791337,0.009913010008978068,GNSZ
FNSZ469.mat,2.0827837524934942,0.017554059200404728,FNSZ
MYSZ001.mat,0.07917001638852093,0.7846901390636296,MYSZ
FNSZ441.mat,2.065816713159259,0.020272109512367634,FNSZ
FNSZ327.mat,2.1127674227914186,0.02163495320384153,FNSZ
FNSZ333.mat,2.103163325455985,0.016034600018257156,FNSZ
FNSZ455.mat,2.1220434567654145,0.012738308195087667,FNSZ
GNSZ022.mat,1.225816704171639,0.2542284238468297,GNSZ
GNSZ036.mat,1.6774649057104538,0.11311133194080536,GNSZ
FNSZ479.mat,2.0626232762588903,0.018938693619632116,FNSZ
FNSZ451.mat,1.4466604226872108,0.24271708995528415,FNSZ
FNSZ337.mat,0.06330474303191748,0.7918625464829584,FNSZ
FNSZ323.mat,1.407333140724615,0.21451524805874353,FNSZ
FNSZ445.mat,2.0075469039425347,0.03554932034162577,FNSZ
FNSZ492.mat,2.1298469760190155,0.012437180360529786,FNSZ
FNSZ486.mat,2.1723918322991236,0.004574869550537077,FNSZ
FNSZ109.mat,2.1062802400795757,0.014452994556385705,FNSZ
FNSZ135.mat,2.1315079175722955,0.012675509265526061,FNSZ
FNSZ121.mat,1.2365026811388629,0.2514153663837551,FNSZ
CPSZ116.mat,2.0815136047076477,0.01715451788222642,CPSZ
CPSZ102.mat,2.054802819609124,0.020243123219400947,CPSZ
FNSZ069.mat,0.3063320349236409,0.7693105523687801,FNSZ
FNSZ041.mat,2.1059000019146876,0.02193559075933848,FNSZ
CPSZ089.mat,1.6591793532704602,0.11811293681208611,CPSZ
FNSZ055.mat,1.3551836434267648,0.16057454726173587,FNSZ
CPSZ062.mat,1.9444889872245135,0.04399756179442575,CPSZ
CPSZ076.mat,1.9872254777521228,0.043515607507818604,CPSZ
FNSZ082.mat,1.4772771859979237,0.13795144378182556,FNSZ
FNSZ096.mat,1.928101057313648,0.07121869351278796,FNSZ
FNSZ519.mat,2.0866137571145424,0.015499828985963762,FNSZ
GNSZ156.mat,2.127902540492342,0.014744076932908457,GNSZ
GNSZ142.mat,1.3741925391140766,0.24992052423657593,GNSZ
FNSZ243.mat,2.0807601311825366,0.018731402005633026,FNSZ
FNSZ257.mat,2.153048108521847,0.008631525855691843,FNSZ
FNSZ280.mat,2.098830695640296,0.014413071022205825,FNSZ
FNSZ294.mat,2.1618456845759324,0.0073024762515735645,FNSZ
FNSZ295.mat,2.0238778143503704,0.034491520226669646,FNSZ
FNSZ281.mat,2.0826426444225055,0.01463235049624007,FNSZ
FNSZ256.mat,2.168140352575585,0.0060977209390002075,FNSZ
FNSZ242.mat,2.1105453559780885,0.014043239520476675,FNSZ
GNSZ143.mat,1.7242150265340332,0.10570186011473787,GNSZ
FNSZ518.mat,2.0928854946309503,0.014228371800096598,FNSZ
GNSZ157.mat,2.1309961192500215,0.014021036140096423,GNSZ
FNSZ097.mat,1.7802793295779473,0.08026881937581447,FNSZ
FNSZ083.mat,1.6513842087719541,0.11395702749621989,FNSZ
CPSZ077.mat,1.8484814396697788,0.08219148532442025,CPSZ
CPSZ063.mat,1.9676858221710927,0.049897803984781886,CPSZ
CPSZ088.mat,1.422878073196494,0.1949395947441039,CPSZ
FNSZ054.mat,1.5386502986782333,0.14791242053450254,FNSZ
FNSZ040.mat,2.153882603189746,0.009350429920152597,FNSZ
FNSZ068.mat,2.1043448405848606,0.01418534680768133,FNSZ
CPSZ103.mat,2.0607485986923577,0.018976329967164304,CPSZ
CPSZ117.mat,2.0822469741498884,0.017408832153409704,CPSZ
FNSZ120.mat,1.386466835780853,0.18381242520385194,FNSZ
FNSZ134.mat,2.0302497803779493,0.03138319639565382,FNSZ
FNSZ108.mat,2.105860283766112,0.014617034914995915,FNSZ
FNSZ487.mat,2.1681654831032344,0.00527106740424125,FNSZ
FNSZ493.mat,1.9950217978780234,0.03733683213839317,FNSZ
FNSZ322.mat,1.3407854113421847,0.2011029237288604,FNSZ
FNSZ444.mat,2.180548415115617,0.003942239649906231,FNSZ
FNSZ450.mat,2.118072035242268,0.013080747264481375,FNSZ
FNSZ336.mat,2.1554748588704666,0.008619570104023422,FNSZ
GNSZ037.mat,2.1064744394594994,0.01746657443619691,GNSZ
FNSZ478.mat,2.0718167379640375,0.0177936879904358,FNSZ
GNSZ023.mat,1.045153159294221,0.40939554000013595,GNSZ
GNSZ035.mat,1.2144561756573757,0.30767414471937304,GNSZ
FNSZ308.mat,2.095994313589781,0.01973751923231356,FNSZ
GNSZ021.mat,1.8238390391084518,0.06899465356129138,GNSZ
FNSZ446.mat,1.69214005357556,0.12861858296971332,FNSZ
GNSZ009.mat,1.8714286660773372,0.05780095725748822,GNSZ
FNSZ320.mat,2.104518938451249,0.019756309878198097,FNSZ
FNSZ334.mat,2.1151604128692787,0.014713266446392672,FNSZ
FNSZ452.mat,1.931799677849546,0.05019354497626696,FNSZ
FNSZ485.mat,2.1831373103454625,0.003122003420738392,FNSZ
FNSZ491.mat,2.1585229062021893,0.007802046913224279,FNSZ
FNSZ122.mat,0.7459115078631139,0.5827784011174313,FNSZ
FNSZ136.mat,0.1305251139632307,0.8464381370165583,FNSZ
CPSZ101.mat,2.122078804341879,0.014059288488540746,CPSZ
CPSZ115.mat,2.113695940617952,0.015168341931027602,CPSZ
CPSZ129.mat,2.0603435455143613,0.0195582974149361,CPSZ
FNSZ056.mat,1.3144669515210001,0.1782663405868533,FNSZ
FNSZ042.mat,2.132676256307643,0.013739000074932908,FNSZ
CPSZ075.mat,1.7048180626110332,0.10017319706893693,CPSZ
CPSZ061.mat,1.9620974803146953,0.045737757898939864,CPSZ
FNSZ095.mat,1.9284015622516175,0.0731193742976851,FNSZ
CPSZ049.mat,1.6191922272175785,0.1388479754104933,CPSZ
FNSZ081.mat,1.4861475655313598,0.21681746455153103,FNSZ
FNSZ268.mat,0.08785808784402394,0.8596439593356362,FNSZ
GNSZ141.mat,1.3739885360825677,0.2595158460880504,GNSZ
GNSZ155.mat,2.1316122457470392,0.013847809443121526,GNSZ
FNSZ254.mat,2.0682914098491922,0.018907146591405563,FNSZ
GNSZ169.mat,2.124889586476854,0.015539640488690705,GNSZ
FNSZ240.mat,0.710403701793083,0.6062791667046409,FNSZ
FNSZ297.mat,2.0164362020426236,0.03720235009173918,FNSZ
FNSZ283.mat,2.048165754780927,0.022244460651436856,FNSZ
FNSZ282.mat,2.065400898191111,0.02009269456110383,FNSZ
FNSZ296.mat,1.9815361283221384,0.043508727764999644,FNSZ
FNSZ241.mat,2.157175155772357,0.008040924216067,FNSZ
GNSZ168.mat,2.1417784201675447,0.012406578492365615,GNSZ
FNSZ255.mat,2.0554208833707563,0.020114873434414288,FNSZ
GNSZ154.mat,2.1275137927325685,0.014843142385759692,GNSZ
GNSZ140.mat,2.0534644033305702,0.008162277838136263,GNSZ
FNSZ269.mat,0.23113348266579525,0.8014339246395025,FNSZ
FNSZ080.mat,0.7260229176218276,0.5897876080753046,FNSZ
FNSZ094.mat,1.7854590559199863,0.0895049685852571,FNSZ
CPSZ048.mat,1.550363177941514,0.14386461058930805,CPSZ
CPSZ060.mat,1.6365176563000128,0.12369726422829513,CPSZ
CPSZ074.mat,1.8889175836914869,0.08400843465252464,CPSZ
FNSZ043.mat,2.132547765279027,0.013916543862944187,FNSZ
FNSZ057.mat,1.3999466772722635,0.16177398351105732,FNSZ
CPSZ128.mat,2.0554189595603107,0.02006024915190876,CPSZ
CPSZ114.mat,2.1106378893531135,0.016853761791671206,CPSZ
CPSZ100.mat,1.8950879373838225,0.07925671545241228,CPSZ
FNSZ137.mat,1.3027254814553668,0.21882078610168917,FNSZ
FNSZ123.mat,1.6292634803966068,0.15684349469410327,FNSZ
FNSZ490.mat,2.155028041208874,0.009511872112630238,FNSZ
FNSZ484.mat,2.0131600915606245,0.05756856372729654,FNSZ
FNSZ335.mat,0.06256633439886361,0.7921879042833276,FNSZ
FNSZ453.mat,1.7925759035857585,0.11593147202711307,FNSZ
FNSZ447.mat,1.9333532776421092,0.04814831132110344,FNSZ
FNSZ321.mat,2.088431220170972,0.016871756843019017,FNSZ
GNSZ008.mat,1.6737602669505385,0.12081468505197196,GNSZ
GNSZ020.mat,1.5411267573546517,0.14524639508145132,GNSZ
FNSZ309.mat,1.6046155391315406,0.1394138252387328,FNSZ
GNSZ034.mat,1.2391005701075,0.3382866924742264,GNSZ
FNSZ420.mat,1.468264464135366,0.16157269864162555,FNSZ
FNSZ346.mat,1.9909816927387047,0.04094338396500129,FNSZ
FNSZ352.mat,1.9837768009913281,0.04309379375350377,FNSZ
FNSZ434.mat,2.1134173846446447,0.0128066718968898,FNSZ
GNSZ053.mat,2.063831177603773,0.01821327856498886,GNSZ
GNSZ047.mat,1.6450701937346404,0.11651593863463472,GNSZ
FNSZ408.mat,1.9178305420182322,0.05643426394606704,FNSZ
FNSZ385.mat,1.7889675247333314,0.07831315032439973,FNSZ
FNSZ391.mat,1.902057465817301,0.05292806604500017,FNSZ
GNSZ090.mat,2.029334936416668,0.026143433492159786,GNSZ
GNSZ084.mat,1.4502615688183544,0.20479027974544659,GNSZ
FNSZ144.mat,0.7623886364824208,0.5350975960710765,FNSZ
FNSZ150.mat,2.067983901118634,0.017901362222158077,FNSZ
FNSZ178.mat,1.96812097849342,0.041524511084839615,FNSZ
FNSZ187.mat,1.545046171137685,0.1408580806005108,FNSZ
FNSZ193.mat,2.1349060907267763,0.012004420603440993,FNSZ
FNSZ030.mat,2.120074414599817,0.016985615621435718,FNSZ
FNSZ024.mat,2.1112391496146863,0.017354039329761522,FNSZ
FNSZ018.mat,1.6435145909889977,0.11568349663594754,FNSZ
CPSZ013.mat,0.6149172691174521,0.6297171236407952,CPSZ
CPSZ007.mat,1.8994775049800252,0.05265877169798479,CPSZ
FNSZ232.mat,1.6044058359404432,0.12588596047130368,FNSZ
FNSZ226.mat,2.1416401270976597,0.013180799433986076,FNSZ
GNSZ127.mat,2.1116139993722283,0.01836229649359014,GNSZ
GNSZ133.mat,1.9140639194508144,0.04619271228236128,GNSZ
GNSZ132.mat,1.455836365898039,0.21808789280775984,GNSZ
GNSZ126.mat,0.9480109510109935,0.3841760429217604,GNSZ
FNSZ227.mat,2.062651714016274,0.018560105502002922,FNSZ
FNSZ233.mat,1.438373153195173,0.16627343333422484,FNSZ
CPSZ006.mat,1.6714667099389717,0.11016223429004096,CPSZ
CPSZ012.mat,2.0533368942722756,0.03563283091386794,CPSZ
FNSZ019.mat,0.8144428617000491,0.49947928992811,FNSZ
FNSZ025.mat,1.2515321403913506,0.315479205689068,FNSZ
FNSZ031.mat,2.1138412739762225,0.017757444437877024,FNSZ
FNSZ192.mat,2.182194898350111,0.0032167671271449423,FNSZ
FNSZ186.mat,1.4944068913450688,0.16123475370578408,FNSZ
FNSZ179.mat,1.9904678630347645,0.039790440085069816,FNSZ
FNSZ151.mat,2.0665269507852773,0.018165393800445045,FNSZ
FNSZ145.mat,2.139228654992455,0.010327305126197416,FNSZ
GNSZ085.mat,1.5574524093547524,0.1859671319849679,GNSZ
GNSZ091.mat,2.0645715463757917,0.018467159093147244,GNSZ
FNSZ390.mat,1.9269231066339798,0.04987032010742409,FNSZ
FNSZ384.mat,1.7904526360826174,0.07758874976735561,FNSZ
GNSZ046.mat,2.0442240826886646,0.02449139140187004,GNSZ
FNSZ409.mat,1.8633442210923623,0.07751757663723968,FNSZ
GNSZ052.mat,2.067102229424511,0.0179281483902533,GNSZ
FNSZ353.mat,2.0104582759023644,0.03548327777004169,FNSZ
FNSZ435.mat,2.040529105477932,0.0249935713191633,FNSZ
FNSZ421.mat,1.567546787775649,0.13333624330912647,FNSZ
FNSZ347.mat,1.7532682861227231,0.09848537666003877,FNSZ
FNSZ437.mat,2.1048652747179104,0.014459593499440534,FNSZ
GNSZ078.mat,2.125294654582045,0.017195923842346826,GNSZ
FNSZ351.mat,1.8681000097703617,0.07498701284375622,FNSZ
FNSZ345.mat,2.114628685047654,0.019613797210570084,FNSZ
FNSZ423.mat,1.900365212104853,0.04876655376678668,FNSZ
GNSZ044.mat,2.0931807864196355,0.015617347095210631,GNSZ
FNSZ379.mat,1.4998891927626665,0.15081450670348587,FNSZ
GNSZ050.mat,1.9482247381423463,0.06566822645639674,GNSZ
FNSZ392.mat,1.9015867479557929,0.05313936233828327,FNSZ
FNSZ386.mat,1.7794292393028035,0.08086907484150349,FNSZ
GNSZ087.mat,2.0942037064132846,0.014271792384189705,GNSZ
GNSZ093.mat,2.071454197520662,0.01696120952132705,GNSZ
FNSZ153.mat,2.134951293537513,0.01187274863852077,FNSZ
FNSZ147.mat,2.061775875557198,0.0186165280287258,FNSZ
FNSZ190.mat,2.1831946872784043,0.0030335478897904927,FNSZ
FNSZ184.mat,1.7709831567328114,0.08272958728487942,FNSZ
FNSZ027.mat,1.2108926406033473,0.39165998597092233,FNSZ
FNSZ033.mat,2.121424539425884,0.0168258318616242,FNSZ
CPSZ038.mat,1.2308085542776066,0.21690311371569737,CPSZ
CPSZ004.mat,1.755325306976176,0.09528683045387731,CPSZ
CPSZ010.mat,2.150764967885199,0.010243041819946824,CPSZ
FNSZ225.mat,2.1385354196470345,0.013966323385126513,FNSZ
GNSZ118.mat,2.060454445642226,0.01968620380298723,GNSZ
FNSZ231.mat,2.1688487433356847,0.00625876121930811,FNSZ
FNSZ219.mat,1.5108218935253426,0.16426492438726112,FNSZ
GNSZ130.mat,1.4063970981589324,0.25230491561842533,GNSZ
GNSZ124.mat,0.27109784453608693,0.7441395198849152,GNSZ
GNSZ125.mat,1.6878424422244325,0.10494969338602872,GNSZ
GNSZ131.mat,1.5712944241802722,0.17281657690187818,GNSZ
FNSZ218.mat,1.606189173607939,0.13828396782648172,FNSZ
FNSZ230.mat,2.159874272632644,0.008122269057256595,FNSZ
GNSZ119.mat,0.0397349439249892,0.8017051103153067,GNSZ
FNSZ224.mat,2.1361732297979987,0.014510459159258122,FNSZ
CPSZ011.mat,2.1414292055481177,0.010982950177865209,CPSZ
CPSZ005.mat,1.7592628958422443,0.09868232495954268,CPSZ
CPSZ039.mat,0.8150168325038534,0.4980687839380934,CPSZ
FNSZ032.mat,2.125600499770473,0.015653106326130192,FNSZ
FNSZ026.mat,1.2579708003512238,0.3429895649304891,FNSZ
FNSZ185.mat,1.6424777745863057,0.11891537796960035,FNSZ
FNSZ191.mat,2.1821285422927548,0.003309124216274338,FNSZ
FNSZ146.mat,2.0815123911078866,0.0168435659977297,FNSZ
FNSZ152.mat,2.0617892973653076,0.01845472237691073,FNSZ
GNSZ092.mat,2.060111969986124,0.019071546245318483,GNSZ
GNSZ086.mat,1.8607047004906065,0.10517903424524841,GNSZ
FNSZ387.mat,1.1860592304598077,0.343602772169432,FNSZ
FNSZ393.mat,1.9043164809949487,0.05443558816794299,FNSZ
GNSZ051.mat,1.466406934177772,0.14669605846748712,GNSZ
FNSZ378.mat,1.617568985463324,0.12282587495173648,FNSZ
GNSZ045.mat,1.3561316010275248,0.21995903107135958,GNSZ
FNSZ344.mat,1.9042053167790693,0.0539986951212655,FNSZ
FNSZ422.mat,1.9072168622255736,0.04933732455110385,FNSZ
FNSZ436.mat,2.0759878418499103,0.019832209288861542,FNSZ
FNSZ350.mat,1.5990673175022014,0.14012355913609975,FNSZ
GNSZ079.mat,2.160548599146133,0.00739708981099961,GNSZ
FNSZ368.mat,2.089522555585113,0.014700242273035924,FNSZ
GNSZ041.mat,2.1443996978050253,0.011304893653762998,GNSZ
GNSZ055.mat,2.070868220165791,0.025573174297681092,GNSZ
ABSZ008.mat,1.1383881495511314,0.24420357318473362,ABSZ
FNSZ354.mat,1.9181616187836839,0.05415359159355207,FNSZ
FNSZ432.mat,1.8937481375149425,0.06712799781773976,FNSZ
FNSZ426.mat,2.15924093340041,0.00795217278122966,FNSZ
GNSZ069.mat,0.9530550368849231,0.44710863335270234,GNSZ
FNSZ340.mat,1.7546079731975566,0.08709583969525778,FNSZ
GNSZ082.mat,1.1021695486653802,0.4093137247298807,GNSZ
GNSZ096.mat,2.0578988841010624,0.02050944594118915,GNSZ
FNSZ397.mat,1.9522674989835664,0.05084747236744459,FNSZ
FNSZ383.mat,1.7855356887307596,0.079407329181076,FNSZ
FNSZ156.mat,2.1110889693497,0.013298534984288889,FNSZ
FNSZ142.mat,0.18497310778978798,0.7978514108522726,FNSZ
FNSZ195.mat,2.162375202796495,0.007962970604052964,FNSZ
FNSZ181.mat,1.4797802988497308,0.14333004508636782,FNSZ
FNSZ022.mat,2.114009240461945,0.016834149706752004,FNSZ
FNSZ036.mat,2.130920830414902,0.014535216632469193,FNSZ
CPSZ001.mat,0.25083008703433485,0.7996350089932953,CPSZ
CPSZ015.mat,1.4665301477108783,0.22006533234358552,CPSZ
TCSZ009.mat,1.576207812988812,0.14950034280660174,TCSZ
CPSZ029.mat,1.7917509655746948,0.07838059211921203,CPSZ
GNSZ135.mat,1.6965314658323685,0.10268908538939153,GNSZ
FNSZ208.mat,2.093991563584014,0.022378293814223127,FNSZ
GNSZ121.mat,0.03353780601290567,0.8040965385933648,GNSZ
GNSZ109.mat,1.9290041945138054,0.04498629792109242,GNSZ
FNSZ220.mat,1.365788486904037,0.23332692747617037,FNSZ
FNSZ234.mat,2.099192011211343,0.018526488025750642,FNSZ
FNSZ235.mat,2.0682177388439937,0.017928544540917576,FNSZ
FNSZ221.mat,1.359786086093901,0.23375288059961527,FNSZ
GNSZ108.mat,1.0921224792282571,0.31277463390571275,GNSZ
GNSZ120.mat,0.0442194093497464,0.7999178393441203,GNSZ
FNSZ209.mat,2.1018261793651436,0.019096416788382795,FNSZ
GNSZ134.mat,1.112273423563334,0.3846422931327593,GNSZ
TCSZ008.mat,2.1505192882077613,0.010275005333502216,TCSZ
CPSZ028.mat,1.8230404250965648,0.0688450995820534,CPSZ
CPSZ014.mat,0.9401583295793718,0.4461778615972613,CPSZ
FNSZ037.mat,2.122661872767306,0.01655548413908744,FNSZ
FNSZ023.mat,2.055654169749062,0.027020121020927643,FNSZ
FNSZ180.mat,1.9342007948348403,0.047319136753029914,FNSZ
FNSZ194.mat,2.188474772076443,0.001762270480438077,FNSZ
FNSZ143.mat,1.32959499410121,0.23561425388330734,FNSZ
FNSZ157.mat,2.075262329476836,0.017461623049017876,FNSZ
FNSZ382.mat,1.469377405025936,0.1580402323220148,FNSZ
FNSZ396.mat,1.9506873403958127,0.05113128155483007,FNSZ
GNSZ097.mat,2.0973248530686175,0.023070494106780984,GNSZ
GNSZ083.mat,0.10643494545725901,0.8409668904141375,GNSZ
FNSZ427.mat,2.1553368465260014,0.008296580853064563,FNSZ
FNSZ341.mat,2.1253777505833087,0.015061380601204504,FNSZ
GNSZ068.mat,1.5321258508478421,0.14512918120964757,GNSZ
FNSZ355.mat,1.4828486476444338,0.1560667964575439,FNSZ
ABSZ009.mat,1.3145372668337592,0.16716129767019855,ABSZ
FNSZ433.mat,1.6707581919681558,0.13914062776560288,FNSZ
GNSZ054.mat,2.066645194001188,0.018232692454653268,GNSZ
GNSZ040.mat,1.8702776790289457,0.06329197687195039,GNSZ
FNSZ369.mat,2.056199082085941,0.020116834832482982,FNSZ
GNSZ056.mat,1.922846773587285,0.048772044693476096,GNSZ
FNSZ419.mat,1.478725415484513,0.15916562657391095,FNSZ
GNSZ042.mat,2.1251674822435755,0.012399380559369993,GNSZ
FNSZ343.mat,0.039958424483617444,0.8016163106155043,FNSZ
FNSZ425.mat,2.1127730420304536,0.01491937469969706,FNSZ
FNSZ431.mat,2.074263030929371,0.02231909028982418,FNSZ
FNSZ357.mat,1.9656121781775853,0.05093715981394047,FNSZ
GNSZ095.mat,2.110457376768407,0.01422391905641322,GNSZ
GNSZ081.mat,2.1294365683556737,0.013452815099677813,GNSZ
FNSZ380.mat,1.4925168839286849,0.12781810734555543,FNSZ
FNSZ394.mat,1.939266984744037,0.05148880891320128,FNSZ
FNSZ169.mat,1.509571713186785,0.14966525336181755,FNSZ
FNSZ141.mat,1.3686313737804547,0.22101995831739163,FNSZ
FNSZ155.mat,2.0444935603274077,0.025786025600119142,FNSZ
FNSZ182.mat,1.2775289335439863,0.2802395873227604,FNSZ
FNSZ196.mat,2.1947174371669815,0.0005708673018728544,FNSZ
FNSZ009.mat,2.1106038223013246,0.017009088644069633,FNSZ
FNSZ035.mat,2.108291700265359,0.021629804195004033,FNSZ
FNSZ021.mat,1.234222262920504,0.33820876353755996,FNSZ
CPSZ016.mat,1.2406609983192618,0.346116595887625,CPSZ
CPSZ002.mat,1.897817850370875,0.062473251628206945,CPSZ
GNSZ122.mat,1.7523927995552735,0.0905944316004674,GNSZ
GNSZ136.mat,2.0545692052044044,0.0202940292686783,GNSZ
FNSZ237.mat,1.2801108057020623,0.18887845926991675,FNSZ
FNSZ223.mat,1.221576567679488,0.3073555011807819,FNSZ
FNSZ222.mat,1.098037535419071,0.35603282592077007,FNSZ
FNSZ236.mat,2.075087806341395,0.01741245674789421,FNSZ
GNSZ137.mat,2.0541282294610586,0.007997474199540541,GNSZ
GNSZ123.mat,0.02456657941818354,0.8073927017363894,GNSZ
CPSZ003.mat,1.7114256066441291,0.10609317575085364,CPSZ
CPSZ017.mat,1.818041892344397,0.09224109858719037,CPSZ
FNSZ020.mat,1.7574802826194225,0.08704460454545979,FNSZ
FNSZ034.mat,2.1163455777476283,0.017572554301337976,FNSZ
FNSZ008.mat,1.828744446969207,0.06650805073427332,FNSZ
FNSZ197.mat,2.0636622006273404,0.018075898233277776,FNSZ
FNSZ183.mat,1.9988112485601857,0.035190002651068905,FNSZ
FNSZ154.mat,2.0561919486039626,0.020370234602214606,FNSZ
FNSZ140.mat,1.5108726420242662,0.1581534315264326,FNSZ
FNSZ168.mat,1.3906336957524652,0.16276813118849764,FNSZ
FNSZ395.mat,1.9493893374826863,0.050908232142336085,FNSZ
FNSZ381.mat,1.4763371545182358,0.13144163666976288,FNSZ
GNSZ080.mat,2.122706695835797,0.014133473823993034,GNSZ
GNSZ094.mat,2.0616898713084097,0.01880414121040197,GNSZ
FNSZ430.mat,2.117531630879683,0.013390225921747562,FNSZ
FNSZ356.mat,1.9496973661348842,0.0601245931473863,FNSZ
FNSZ342.mat,1.2660233025795677,0.29694909156376753,FNSZ
FNSZ424.mat,1.8946508324344649,0.05074909582693168,FNSZ
GNSZ043.mat,2.0915956992344173,0.020016444019848006,GNSZ
GNSZ057.mat,1.4194982931320748,0.1564801099939744,GNSZ
FNSZ418.mat,1.6993658518198058,0.1121295731047516,FNSZ
FNSZ401.mat,1.9228093577045613,0.05573790840130063,FNSZ
FNSZ367.mat,2.0543192950775095,0.007950315405756199,FNSZ
FNSZ373.mat,0.8819662760960262,0.5065723357529166,FNSZ
FNSZ415.mat,2.0659196949876697,0.01861643821555461,FNSZ
GNSZ072.mat,2.159477939069188,0.007170144678024856,GNSZ
ABSZ007.mat,1.161576386123692,0.26178188003652964,ABSZ
GNSZ066.mat,1.3373546397215605,0.26798978285079905,GNSZ
ABSZ013.mat,1.4950304294496437,0.18736836020227718,ABSZ
FNSZ429.mat,2.142450693419722,0.01111748816310405,FNSZ
GNSZ099.mat,2.0982986350971733,0.021762096883907414,GNSZ
FNSZ398.mat,1.9466677348540569,0.051236226927325774,FNSZ
FNSZ165.mat,1.4748165216063702,0.15747206449444112,FNSZ
FNSZ171.mat,1.535808489739577,0.14358536896772994,FNSZ
FNSZ159.mat,1.5114195038570035,0.15036852236731912,FNSZ
FNSZ011.mat,1.5213682207828811,0.14603795306126738,FNSZ
FNSZ005.mat,0.15066998255146757,0.8409759804665236,FNSZ
FNSZ039.mat,2.143759872949069,0.011956661287920178,FNSZ
CPSZ032.mat,1.1955625397653429,0.32425091226152664,CPSZ
CPSZ026.mat,1.7601332922320951,0.09593819761661548,CPSZ
TCSZ006.mat,0.09706628233619971,0.7761090214639018,TCSZ
FNSZ213.mat,2.0697611433226544,0.029411752093956696,FNSZ
FNSZ207.mat,2.1567685345157144,0.008744234182141779,FNSZ
GNSZ106.mat,1.429508443620253,0.14602826949632278,GNSZ
GNSZ112.mat,1.8412327320464636,0.06548318198386557,GNSZ
SPSZ001.mat,1.5004002452872651,0.15071230562091542,SPSZ
GNSZ113.mat,2.129051422437836,0.011422261731433058,GNSZ
GNSZ107.mat,0.9876671008912546,0.40608671344172814,GNSZ
FNSZ206.mat,2.05909554421574,0.006748671816178343,FNSZ
FNSZ212.mat,2.0672488000275964,0.02928883700041686,FNSZ
CPSZ027.mat,1.8532454778181442,0.061255543791265556,CPSZ
TCSZ007.mat,1.870668713707036,0.06360097777024062,TCSZ
CPSZ033.mat,0.9055072043780331,0.4948196622821813,CPSZ
FNSZ038.mat,2.128974863328928,0.014675494333362099,FNSZ
FNSZ004.mat,0.4198059227086938,0.7147212343443923,FNSZ
FNSZ010.mat,1.691562647398147,0.10839334184977684,FNSZ
FNSZ158.mat,2.121608303180043,0.012736526086187394,FNSZ
FNSZ170.mat,1.4600107781303344,0.16016386221316914,FNSZ
FNSZ164.mat,1.5714939971100736,0.13665671918828845,FNSZ
FNSZ399.mat,1.9555481123678582,0.05046878465079029,FNSZ
GNSZ098.mat,2.1014029579506386,0.02112240303681482,GNSZ
ABSZ012.mat,1.3186005526915348,0.23064598819070256,ABSZ
GNSZ067.mat,0.19580482442794309,0.8196761399389322,GNSZ
FNSZ428.mat,2.1397541083618763,0.012791974896593422,FNSZ
ABSZ006.mat,0.0467964748430848,0.7988705583144743,ABSZ
GNSZ073.mat,2.0701453144822195,0.018132962001917677,GNSZ
FNSZ372.mat,0.8476520563589204,0.5117926467150373,FNSZ
FNSZ414.mat,2.0560703695262403,0.007513771211218306,FNSZ
FNSZ400.mat,1.9369943028813197,0.05375467529613666,FNSZ
FNSZ366.mat,2.056438728876658,0.0074212383822995645,FNSZ
FNSZ416.mat,2.057998872800827,0.007030838689426043,FNSZ
GNSZ059.mat,1.457561431918855,0.16800629537037304,GNSZ
FNSZ370.mat,1.9419063198210584,0.058836286213653444,FNSZ
FNSZ364.mat,2.0901068343122278,0.01656041686218563,FNSZ
FNSZ402.mat,1.9180928283128575,0.056646431470889644,FNSZ
GNSZ065.mat,2.0916725605685165,0.015432385166821477,GNSZ
ABSZ010.mat,1.2842940933995945,0.19245476465269062,ABSZ
FNSZ358.mat,2.00379794782626,0.04159890875470618,FNSZ
GNSZ071.mat,2.0662466121254592,0.01835792097743301,GNSZ
ABSZ004.mat,1.5295175666813152,0.15227217580267402,ABSZ
FNSZ172.mat,1.4294379701262094,0.16703662093048752,FNSZ
FNSZ166.mat,1.494916741641434,0.15290360843182157,FNSZ
FNSZ199.mat,2.061534205253193,0.006140620465578089,FNSZ
FNSZ006.mat,1.8034670335773337,0.09897193457291836,FNSZ
FNSZ012.mat,1.6660378126364732,0.1247375801293171,FNSZ
CPSZ019.mat,1.7985105624642843,0.08445211184547566,CPSZ
TCSZ005.mat,1.8725554180912374,0.06510134995600284,TCSZ
CPSZ025.mat,1.8384310984118275,0.06620591224465533,CPSZ
CPSZ031.mat,1.964806632922184,0.050538656750820296,CPSZ
TCSZ011.mat,1.9321565707222117,0.05278483727386081,TCSZ
FNSZ204.mat,2.0586779273745783,0.01921814489329728,FNSZ
GNSZ139.mat,2.054672954331075,0.02031450843377712,GNSZ
FNSZ210.mat,2.0843155640537545,0.025822343901564265,FNSZ
FNSZ238.mat,1.4116229766777777,0.1719093110743513,FNSZ
GNSZ111.mat,1.824225309426115,0.06790800468937644,GNSZ
GNSZ105.mat,1.279972933778739,0.3080412021021562,GNSZ
SPSZ003.mat,2.062890121832907,0.018611287079311235,SPSZ
SPSZ002.mat,1.3882606423258061,0.23051104400672748,SPSZ
GNSZ104.mat,1.3950066759767576,0.1644005526649162,GNSZ
GNSZ110.mat,1.9313257939727535,0.04167317652739298,GNSZ
FNSZ239.mat,1.1523140982521942,0.3766513178703301,FNSZ
FNSZ211.mat,2.0769726451068014,0.02764366777994206,FNSZ
GNSZ138.mat,2.057419234126,0.019595330937936965,GNSZ
FNSZ205.mat,2.0578188374695396,0.00706782458369219,FNSZ
CPSZ030.mat,2.010277904084263,0.04600355213587703,CPSZ
TCSZ010.mat,1.699116798664944,0.12943634282358638,TCSZ
TCSZ004.mat,1.6622007580898992,0.1635129816500904,TCSZ
CPSZ024.mat,1.9100889298677106,0.054196789906230794,CPSZ
CPSZ018.mat,1.6516709980401505,0.11411748032346186,CPSZ
FNSZ013.mat,1.5050645811130534,0.19658489955991432,FNSZ
FNSZ007.mat,2.126985932770966,0.012684562156103881,FNSZ
FNSZ198.mat,2.0702294896708437,0.01730087102163151,FNSZ
FNSZ167.mat,1.4679514155184707,0.15918691356892017,FNSZ
FNSZ173.mat,1.4179921740777022,0.1574446797150313,FNSZ
ABSZ005.mat,0.039956388363209236,0.8016178480279048,ABSZ
GNSZ070.mat,2.0740809675964638,0.018007239866367628,GNSZ
FNSZ359.mat,1.8629651935568488,0.05981012077441664,FNSZ
ABSZ011.mat,1.1888142843686738,0.2757971096127789,ABSZ
GNSZ064.mat,2.058364197045658,0.019340228367794074,GNSZ
FNSZ365.mat,2.073276118425066,0.016117854284630445,FNSZ
FNSZ403.mat,1.744977683116514,0.0905839255842442,FNSZ
FNSZ417.mat,2.06092141140584,0.018698031918509,FNSZ
FNSZ371.mat,0.7549296005051165,0.560955926812404,FNSZ
GNSZ058.mat,1.226479389798585,0.2991580264507133,GNSZ
FNSZ349.mat,0.02324866746916275,0.8574274986303371,FNSZ
GNSZ060.mat,1.392251428573407,0.189670304367511,GNSZ
ABSZ001.mat,1.5634590612033248,0.15496699952999674,ABSZ
GNSZ074.mat,2.110888691833673,0.020636432879994504,GNSZ
FNSZ375.mat,0.7078295937979693,0.5912473140411756,FNSZ
FNSZ413.mat,2.0717278469902825,0.017829520979138546,FNSZ
FNSZ407.mat,1.8894556188707088,0.0695124511362893,FNSZ
GNSZ048.mat,1.7185315038973104,0.10011258279931755,GNSZ
FNSZ361.mat,1.8844935548205264,0.05330261177306793,FNSZ
FNSZ177.mat,1.9792359719608588,0.039755394026595,FNSZ
FNSZ163.mat,1.4922381227126174,0.1548209778549021,FNSZ
FNSZ188.mat,1.4097281842386988,0.21141424921877078,FNSZ
FNSZ003.mat,0.24682993399270398,0.7862474910603033,FNSZ
FNSZ017.mat,1.6455256067819843,0.11521756410476364,FNSZ
CPSZ020.mat,1.154025531680167,0.3791289072670093,CPSZ
CPSZ034.mat,1.1563984915068628,0.375286720058689,CPSZ
CPSZ008.mat,1.896389549200503,0.05256515772643896,CPSZ
GNSZ114.mat,1.1454748113682525,0.33118480588335375,GNSZ
FNSZ229.mat,2.1610561193936,0.007913014559566283,FNSZ
GNSZ100.mat,2.0817283542066507,0.021713080050784234,GNSZ
GNSZ128.mat,1.9537127843247193,0.04957983693386567,GNSZ
FNSZ201.mat,2.066953285269246,0.018109048646260336,FNSZ
FNSZ215.mat,1.9968949433238397,0.03130485308493531,FNSZ
FNSZ214.mat,1.013016730455919,0.4495913404431437,FNSZ
FNSZ200.mat,2.062471695016846,0.018602546154187598,FNSZ
GNSZ129.mat,1.9545984715026339,0.054338153201412165,GNSZ
GNSZ101.mat,1.495430274558946,0.14244583372170871,GNSZ
FNSZ228.mat,2.060890094780339,0.00630522605695013,FNSZ
GNSZ115.mat,1.4985851124053546,0.1758907631684962,GNSZ
CPSZ009.mat,0.9078016073520041,0.5047004360273615,CPSZ
CPSZ035.mat,2.057152834006271,0.019939353351930436,CPSZ
CPSZ021.mat,1.5701001553116183,0.1549090205724662,CPSZ
TCSZ001.mat,1.3869815311911233,0.2260023700168762,TCSZ
FNSZ016.mat,1.7129275914453115,0.09798228162502966,FNSZ
FNSZ002.mat,1.9264420843509824,0.055202326000554414,FNSZ
FNSZ189.mat,2.0613964209863314,0.006179723542110946,FNSZ
FNSZ162.mat,1.4660737715127736,0.16064461299771038,FNSZ
FNSZ176.mat,1.853740309853185,0.07069696620219518,FNSZ
FNSZ406.mat,1.7578055204053462,0.0869725133988524,FNSZ
FNSZ360.mat,1.8630190008505951,0.05918191166211979,FNSZ
GNSZ049.mat,2.1789422834915264,0.003870994759717639,GNSZ
FNSZ374.mat,0.6907926997012744,0.6001366173367498,FNSZ
FNSZ412.mat,2.1047996305222045,0.013921433822582662,FNSZ
GNSZ075.mat,2.1277458149041113,0.015597406237283137,GNSZ
GNSZ061.mat,1.2886691668027428,0.18891511131662905,GNSZ
FNSZ348.mat,2.0999663550335725,0.02072217945990802,FNSZ
ABSZ014.mat,0.027532560924378148,0.8063289879074426,ABSZ
ABSZ002.mat,0.8096619106344446,0.4912373335716335,ABSZ
GNSZ077.mat,2.1380333784155234,0.013878982399100294,GNSZ
FNSZ438.mat,2.0742733026323372,0.018063828503498566,FNSZ
GNSZ063.mat,2.1084962921564703,0.01428442328680568,GNSZ
FNSZ362.mat,1.973209130422938,0.049888971939581764,FNSZ
FNSZ404.mat,1.7398438013140511,0.07947478383919736,FNSZ
FNSZ410.mat,1.9230585233524229,0.057405179884464405,FNSZ
FNSZ376.mat,0.8403355366307809,0.523006396240768,FNSZ
FNSZ389.mat,1.4712566080576914,0.15759427504161705,FNSZ
GNSZ088.mat,2.1367376649237175,0.011670277251938066,GNSZ
FNSZ148.mat,2.0616568449403383,0.006110748716443948,FNSZ
FNSZ160.mat,1.4916607974079588,0.15343305332576634,FNSZ
FNSZ174.mat,1.3998200714504554,0.1733850304751256,FNSZ
FNSZ028.mat,2.113241654543694,0.019467409141084656,FNSZ
FNSZ014.mat,1.8637017767417066,0.06531664198416456,FNSZ
CPSZ037.mat,0.7194011720909834,0.5405921874740671,CPSZ
TCSZ003.mat,1.6394726959616057,0.16986992314600266,TCSZ
CPSZ023.mat,1.4738791776160072,0.21841175731744594,CPSZ
GNSZ103.mat,1.3952182292107613,0.1896897573881384,GNSZ
GNSZ117.mat,2.1350480133887695,0.01299450958602568,GNSZ
FNSZ216.mat,1.0201116051344412,0.4238355202983854,FNSZ
FNSZ202.mat,2.0649604787214897,0.01821713096870821,FNSZ
SPSZ005.mat,1.1922736119515112,0.22195450762417118,SPSZ
SPSZ004.mat,1.9886168051291815,0.035943890088494086,SPSZ
FNSZ203.mat,2.0756347081778923,0.016947089743990264,FNSZ
FNSZ217.mat,1.4398134162565634,0.20581478588656688,FNSZ
GNSZ116.mat,1.2346537778376874,0.26485998381571385,GNSZ
GNSZ102.mat,1.3915449420229042,0.18748089393447345,GNSZ
TCSZ002.mat,2.0999458747092223,0.01956877654887842,TCSZ
CPSZ022.mat,2.0564253134355064,0.023335709062804088,CPSZ
CPSZ036.mat,2.05411360809571,0.008003891951958816,CPSZ
FNSZ001.mat,1.9634509266171083,0.04952568718584312,FNSZ
FNSZ015.mat,1.732349711884987,0.10080948361268174,FNSZ
FNSZ029.mat,2.115491011077526,0.01901645651317334,FNSZ
FNSZ175.mat,1.4413708284509126,0.1521153488927579,FNSZ
FNSZ161.mat,1.4775254403460123,0.15634177400375932,FNSZ
FNSZ149.mat,2.062791084456303,0.005826871925087692,FNSZ
GNSZ089.mat,2.143587591550431,0.010011199007514612,GNSZ
FNSZ388.mat,1.4400408199064745,0.17197285019576766,FNSZ
FNSZ411.mat,2.1228802839701286,0.01217024381432686,FNSZ
FNSZ377.mat,1.3551811938419152,0.1580780878087026,FNSZ
FNSZ363.mat,1.927754000904545,0.055210821129957115,FNSZ
FNSZ405.mat,1.8342447043533647,0.07575985118919941,FNSZ
GNSZ062.mat,1.194580045463583,0.2646613321245374,GNSZ
GNSZ076.mat,2.1397812147779973,0.013543655721087325,GNSZ
ABSZ003.mat,1.4082559201894513,0.17130848264841364,ABSZ
FNSZ439.mat,2.0823135944316893,0.016343148988831747,FNSZ
FNSZ304.mat,1.2610129971061506,0.27893521264801124,FNSZ
FNSZ462.mat,2.1073502108843125,0.014212904085544074,FNSZ
TNSZ003.mat,2.107550016801073,0.01490038045955924,TNSZ
FNSZ476.mat,2.0564521767071056,0.02021215094620236,FNSZ
GNSZ039.mat,1.1535554837010356,0.39305401151587155,GNSZ
FNSZ310.mat,1.7939653174722718,0.07993820877017196,FNSZ
FNSZ338.mat,0.426927570330767,0.6803560306543383,FNSZ
GNSZ011.mat,1.8073961131588323,0.07500100052064691,GNSZ
GNSZ005.mat,1.6136824766812796,0.13591538259026834,GNSZ
FNSZ489.mat,2.172841838026555,0.004616637121900445,FNSZ
FNSZ106.mat,2.0600578169040404,0.018920873441197007,FNSZ
FNSZ112.mat,2.066404522695006,0.01826770482838984,FNSZ
CPSZ119.mat,1.3837321874404738,0.21595505681099392,CPSZ
CPSZ125.mat,2.0547317557079214,0.007847384975321309,CPSZ
CPSZ131.mat,2.0945174500374164,0.015170693971535167,CPSZ
FNSZ072.mat,2.1098246289385254,0.013717191291327126,FNSZ
FNSZ066.mat,0.44685284294722255,0.7259701414739484,FNSZ
CPSZ092.mat,2.05920876700448,0.01916537521948423,CPSZ
CPSZ086.mat,1.8716013615194615,0.08114601570605402,CPSZ
CPSZ079.mat,1.8515588758951507,0.06249442817128579,CPSZ
CPSZ051.mat,1.8397791982339573,0.07652758091426512,CPSZ
FNSZ099.mat,2.1363400184278545,0.011563859553444064,FNSZ
CPSZ045.mat,2.159759776554025,0.007568195520976291,CPSZ
GNSZ159.mat,2.14215848050419,0.012432046861364973,GNSZ
FNSZ270.mat,1.4900257985720997,0.22938756764127463,FNSZ
FNSZ516.mat,1.6957838176554296,0.11248940997106274,FNSZ
FNSZ502.mat,2.124980145348964,0.01341027956832665,FNSZ
FNSZ264.mat,1.686293505339087,0.13101276962855637,FNSZ
GNSZ165.mat,2.141537025375176,0.01247168224054383,GNSZ
FNSZ258.mat,1.9618636628533213,0.03555688087645028,FNSZ
GNSZ171.mat,2.0495141216349104,0.022185170935981352,GNSZ
GNSZ170.mat,1.6582125026968493,0.18110450869333888,GNSZ
FNSZ259.mat,1.92550642920622,0.04020000516187909,FNSZ
GNSZ164.mat,2.1500147005269903,0.010576700558046338,GNSZ
FNSZ503.mat,2.1332297584353923,0.013803842561816222,FNSZ
FNSZ265.mat,2.148580630058763,0.009813210568396027,FNSZ
FNSZ271.mat,1.4414006930713454,0.24052552769869207,FNSZ
GNSZ158.mat,2.1438773478222037,0.011489696475613126,GNSZ
FNSZ517.mat,1.675305211651712,0.0828799469479947,FNSZ
FNSZ098.mat,1.7808414015231717,0.08096640604979347,FNSZ
CPSZ044.mat,0.05678938556957608,0.7946900836685111,CPSZ
CPSZ050.mat,1.9599791879946147,0.04949177096348524,CPSZ
CPSZ078.mat,1.8579098463467907,0.06137434582560099,CPSZ
CPSZ087.mat,1.5777582194235102,0.14243741779231284,CPSZ
CPSZ093.mat,2.0655087484162813,0.01864637861480971,CPSZ
FNSZ067.mat,1.7642042431987517,0.09215410256033287,FNSZ
FNSZ073.mat,2.1113258322363957,0.013618558825520197,FNSZ
CPSZ130.mat,2.1035405360896386,0.014166233857269306,CPSZ
CPSZ124.mat,2.0636823504334356,0.019490470254227725,CPSZ
CPSZ118.mat,1.5133694709937553,0.16773747427015612,CPSZ
FNSZ113.mat,0.9099721408171124,0.42412546407341534,FNSZ
FNSZ107.mat,2.0603578487165715,0.018869233950983347,FNSZ
FNSZ488.mat,2.1697906549075268,0.004942863374560728,FNSZ
GNSZ004.mat,1.5948917235135516,0.13558045730907883,GNSZ
GNSZ010.mat,1.8638807565263513,0.06272904757205448,GNSZ
FNSZ339.mat,2.0283444956710293,0.0327282349731471,FNSZ
FNSZ477.mat,2.0804705829835286,0.017152790847126273,FNSZ
TNSZ002.mat,2.0495472948115654,0.0254980269523754,TNSZ
FNSZ311.mat,2.115211414265989,0.014330401687630471,FNSZ
GNSZ038.mat,2.1712280590184525,0.005684783549470235,GNSZ
FNSZ305.mat,0.686254683160828,0.5319192397030134,FNSZ
FNSZ463.mat,2.093700599053978,0.015502179408571124,FNSZ
FNSZ313.mat,1.2443772270287488,0.2877622168528819,FNSZ
FNSZ475.mat,2.088398396983162,0.016437379630240348,FNSZ
FNSZ461.mat,2.10037786233996,0.014569828320191944,FNSZ
FNSZ307.mat,1.14835513921666,0.29691103774347355,FNSZ
GNSZ006.mat,1.6011854282597366,0.14663615508691624,GNSZ
FNSZ449.mat,1.94220808267717,0.05593643084382553,FNSZ
GNSZ012.mat,1.8078613886007724,0.07370772823034881,GNSZ
FNSZ111.mat,2.07590918093581,0.017119426357759863,FNSZ
FNSZ105.mat,1.6543661147931044,0.11291347242828471,FNSZ
FNSZ139.mat,1.4255541511660967,0.234965492249948,FNSZ
CPSZ132.mat,2.0134008006708632,0.042295297626034484,CPSZ
CPSZ126.mat,2.054498472261685,0.007905520009646328,CPSZ
FNSZ065.mat,1.506258204432656,0.15624853851587675,FNSZ
FNSZ071.mat,2.108210156201956,0.014006824915543578,FNSZ
CPSZ085.mat,2.0401993580782816,0.030612598431885858,CPSZ
FNSZ059.mat,0.3799924421997686,0.7392668570800641,FNSZ
CPSZ091.mat,1.7651610738867063,0.09022091864400193,CPSZ
CPSZ046.mat,0.013145016105969489,0.8112400002007147,CPSZ
CPSZ052.mat,1.9145943270595356,0.05982809348059473,CPSZ
FNSZ267.mat,0.5796027615176367,0.6428373667459943,FNSZ
FNSZ501.mat,2.0772213352782054,0.024062492389133237,FNSZ
FNSZ515.mat,1.587443153594363,0.15757888355496477,FNSZ
FNSZ273.mat,0.5698689540861427,0.6380807782857569,FNSZ
GNSZ172.mat,2.057914884086055,0.020086809607456735,GNSZ
GNSZ166.mat,2.1440812937361637,0.011631871897952346,GNSZ
FNSZ298.mat,1.4472985079998857,0.13841100827766273,FNSZ
FNSZ299.mat,2.1016067604044766,0.020176345318691714,FNSZ
GNSZ167.mat,2.1505406694775737,0.010316514414090396,GNSZ
FNSZ514.mat,2.1219180185088007,0.012848967456448472,FNSZ
FNSZ272.mat,2.0760705936071395,0.020200218884541297,FNSZ
FNSZ266.mat,1.5640452887808176,0.16618641093835426,FNSZ
FNSZ500.mat,2.066771442131883,0.0182669505379728,FNSZ
CPSZ053.mat,2.0790607412760225,0.02451072012559758,CPSZ
CPSZ047.mat,0.03735662282614034,0.8026331324961901,CPSZ
CPSZ090.mat,1.915870545550999,0.058825513256865865,CPSZ
CPSZ084.mat,1.8933322378617592,0.0682851459831113,CPSZ
FNSZ058.mat,1.3560227354804777,0.18053242635184993,FNSZ
FNSZ070.mat,1.671758067563876,0.15379044445828913,FNSZ
FNSZ064.mat,1.6412337829980133,0.13007596547088646,FNSZ
CPSZ127.mat,2.1470775208850985,0.010743587877046353,CPSZ
FNSZ138.mat,1.3334909540513675,0.2358303162902587,FNSZ
FNSZ104.mat,1.7043773338725252,0.10332217021057252,FNSZ
FNSZ110.mat,2.058342382731864,0.01934160195491101,FNSZ
GNSZ013.mat,1.8831058534756915,0.05716906138279598,GNSZ
GNSZ007.mat,1.7197672711357401,0.10090691762345613,GNSZ
FNSZ448.mat,1.9918242418497467,0.04280614962520872,FNSZ
FNSZ460.mat,2.107050080205522,0.01936036195336087,FNSZ
FNSZ306.mat,1.0740682385113194,0.3066269060346578,FNSZ
FNSZ312.mat,1.2414067448617763,0.2979787720799632,FNSZ
FNSZ474.mat,2.070114350095615,0.018944965943061033,FNSZ
TNSZ001.mat,1.761431453507722,0.1038628246679629,TNSZ
GNSZ003.mat,1.553740923453908,0.15317534218860573,GNSZ
GNSZ017.mat,2.1336647710583803,0.013028806990619585,GNSZ
FNSZ458.mat,2.1114502606204164,0.017800652800546,FNSZ
TNSZ005.mat,2.1379924796315186,0.011608603689485962,TNSZ
FNSZ470.mat,2.116976124436085,0.013047973901264014,FNSZ
FNSZ316.mat,1.5560350505143021,0.1592313737415341,FNSZ
FNSZ302.mat,2.1486561119226186,0.009368683021153193,FNSZ
FNSZ464.mat,2.072286007115007,0.017218874469006162,FNSZ
FNSZ128.mat,1.642439258357641,0.11593643379649697,FNSZ
FNSZ114.mat,0.2727175255561517,0.7786150098953089,FNSZ
FNSZ100.mat,2.130893702964423,0.01237796505814398,FNSZ
CPSZ123.mat,0.8748316721565116,0.5206431148643248,CPSZ
CPSZ080.mat,1.9561901702425697,0.04435685544179155,CPSZ
CPSZ094.mat,2.058671113731751,0.019320298461799154,CPSZ
FNSZ048.mat,2.169882585019176,0.00577996635788705,FNSZ
FNSZ060.mat,2.1307301266540097,0.011634354994659327,FNSZ
FNSZ074.mat,2.1110594581583566,0.013644215793294627,FNSZ
CPSZ043.mat,1.9879949742252985,0.043792441812503934,CPSZ
CPSZ057.mat,1.4192713820333958,0.2750331536395249,CPSZ
GNSZ163.mat,2.1550993854413525,0.00938788503420959,GNSZ
FNSZ504.mat,2.0124491439962084,0.03923117848338771,FNSZ
FNSZ262.mat,2.0624590952693933,0.025933685864454374,FNSZ
FNSZ276.mat,0.4931219431678065,0.6986407238351079,FNSZ
FNSZ510.mat,2.1314422788813356,0.014412995974616878,FNSZ
FNSZ289.mat,2.1560764879519745,0.008549595005807233,FNSZ
FNSZ288.mat,2.16341849823665,0.007085702314561095,FNSZ
FNSZ277.mat,2.0516808386412135,0.0086078496651638,FNSZ
FNSZ511.mat,2.150875101538821,0.010548516823189299,FNSZ
FNSZ505.mat,1.9683328427735596,0.05625604714836929,FNSZ
FNSZ263.mat,2.0057476360349673,0.035315444640727015,FNSZ
GNSZ162.mat,2.149543713942265,0.010645863517440554,GNSZ
CPSZ056.mat,1.7448406868121435,0.09381642511244666,CPSZ
CPSZ042.mat,0.3128087698876849,0.6437252740122333,CPSZ
FNSZ075.mat,2.111789070293671,0.013577859344681304,FNSZ
FNSZ061.mat,1.0925777690489868,0.376175301656682,FNSZ
CPSZ095.mat,2.016654163783838,0.031851485706506255,CPSZ
FNSZ049.mat,2.1732191355138717,0.00513828091670935,FNSZ
CPSZ081.mat,1.5266898063037797,0.19626865373743965,CPSZ
CPSZ122.mat,1.8433229278299148,0.0742103160895784,CPSZ
FNSZ101.mat,2.133075697430006,0.01280544007125876,FNSZ
FNSZ115.mat,1.2684569800654137,0.23802821581434908,FNSZ
FNSZ129.mat,1.5517977611799578,0.1196250898716543,FNSZ
FNSZ303.mat,0.959493300756405,0.437994450073397,FNSZ
FNSZ465.mat,2.07786324988673,0.016445052876245106,FNSZ
FNSZ471.mat,2.133781022135007,0.010781250524925836,FNSZ
TNSZ004.mat,2.117065992251557,0.013705187218678342,TNSZ
FNSZ317.mat,2.047608308666903,0.03092850911766655,FNSZ
GNSZ016.mat,2.135226896302711,0.012374556397100955,GNSZ
FNSZ459.mat,2.146428048727455,0.01086581974430429,FNSZ
GNSZ002.mat,1.579166613961314,0.15007524458846438,GNSZ
GNSZ014.mat,1.9049824636767514,0.0541085159016491,GNSZ
FNSZ329.mat,2.046852438811161,0.029029900916676576,FNSZ
FNSZ467.mat,2.080133325479652,0.016705529856139642,FNSZ
GNSZ028.mat,1.592675816520227,0.1337008309591201,GNSZ
FNSZ301.mat,2.1168925160958127,0.013081916991293914,FNSZ
FNSZ315.mat,0.07751862595174575,0.8421205299006024,FNSZ
TNSZ006.mat,2.098967888757173,0.019086635549952064,TNSZ
FNSZ473.mat,2.101402226644424,0.014288820658441266,FNSZ
FNSZ498.mat,2.082076990103369,0.01652459334815637,FNSZ
FNSZ103.mat,1.813378059888859,0.09579767811330042,FNSZ
FNSZ117.mat,1.465546621995097,0.1347851085159082,FNSZ
CPSZ120.mat,1.858703328026151,0.0660667616002778,CPSZ
CPSZ108.mat,2.1905344895932495,0.0015272317593949024,CPSZ
CPSZ097.mat,1.9033471779296278,0.05976657182904256,CPSZ
CPSZ083.mat,1.8582572333776697,0.07127596761619243,CPSZ
FNSZ077.mat,2.134737550925939,0.012163668918645969,FNSZ
FNSZ063.mat,1.478888415535722,0.1563634761617259,FNSZ
FNSZ088.mat,1.9274599735243885,0.06866071421471515,FNSZ
CPSZ054.mat,2.145045362823139,0.012811378991924393,CPSZ
CPSZ040.mat,0.03373265223675167,0.8040222423587603,CPSZ
CPSZ068.mat,1.902612366499409,0.062101690643586865,CPSZ
FNSZ249.mat,2.054002539215421,0.02040764933788257,FNSZ
GNSZ160.mat,2.15717393513315,0.0089520966416308,GNSZ
FNSZ513.mat,2.0531486664590677,0.02062028008523837,FNSZ
FNSZ275.mat,2.1184875919764,0.013462925232002872,FNSZ
GNSZ148.mat,1.8365445872719155,0.06669544274205089,GNSZ
FNSZ261.mat,1.5017176971782378,0.2040830459563041,FNSZ
FNSZ507.mat,2.0583896028084476,0.006930909157586316,FNSZ
FNSZ260.mat,1.9546300358443578,0.04319513162138635,FNSZ
GNSZ149.mat,1.8684807251064979,0.05754145535190332,GNSZ
FNSZ506.mat,2.0855658804819215,0.016656887035412814,FNSZ
FNSZ512.mat,2.0573960955750548,0.019574444903629716,FNSZ
FNSZ274.mat,2.143042275083098,0.010566817632167585,FNSZ
GNSZ161.mat,2.1552906681613466,0.009444392306025355,GNSZ
FNSZ248.mat,2.0779931283086595,0.01741092672587635,FNSZ
CPSZ069.mat,1.9054758099504037,0.04821863581165174,CPSZ
CPSZ041.mat,1.8028295890208719,0.10001724164369395,CPSZ
FNSZ089.mat,1.1611331088431136,0.317765693504394,FNSZ
CPSZ055.mat,0.07234883055760302,0.7878194410225553,CPSZ
FNSZ062.mat,1.8502249333184986,0.06104990144370716,FNSZ
FNSZ076.mat,2.1754592601025635,0.004951091771365424,FNSZ
CPSZ082.mat,1.9206646556484226,0.057056441600973,CPSZ
CPSZ096.mat,2.1522322706191894,0.008886141349365018,CPSZ
CPSZ109.mat,2.0734254110346106,0.017020792322607902,CPSZ
CPSZ121.mat,0.1769068621348839,0.7930107366224383,CPSZ
FNSZ116.mat,0.6888565337369162,0.5761566917874881,FNSZ
FNSZ102.mat,2.1287005817770006,0.012311740918220676,FNSZ
FNSZ499.mat,2.1711743151719443,0.005551529765027343,FNSZ
FNSZ314.mat,2.0778148295849515,0.018450054114490647,FNSZ
FNSZ472.mat,2.1540546343583045,0.008581121003322015,FNSZ
TNSZ007.mat,2.105600841864729,0.014992554580760133,TNSZ
FNSZ466.mat,2.064449357624682,0.01780896035317851,FNSZ
FNSZ300.mat,2.1515314419560174,0.008902586667185491,FNSZ
GNSZ029.mat,2.060288350491526,0.01921691145703751,GNSZ
GNSZ001.mat,1.5454350566105408,0.1618970858147351,GNSZ
FNSZ328.mat,2.1400183372085237,0.013467001362710986,FNSZ
GNSZ015.mat,2.147838783548111,0.009837900705994777,GNSZ